Brands,Remarks
Intel,
Huawei,
Sony,
Philips,
Gateway,
HP,
CISCO,
Amphenol,
Texas Instruments,
Apple,
Emerson radio,
General electric,
AMD,
NVIDIA,
Apparel & Accessories,
Nike,
Adidas,
Levi�s,
Under Armour,
Calvin Klein,
GAP,
Tommy Hilfiger,
Coach,
Michael Kors,
Tom Ford,
Victoria�s Secret,
American Eagle Outfitters,
Old Navy,
Skechers,
Forever 21,
Rebook,
Ray-ban,
PVH Corporation,
Columbia Sportswear,
Allen Solly,
Vans,
Animals & Pet Supplies,
Cheway.com,
Petco.com,
Petsmart.com,
Rover.com,
Thedodo.com,
Blinkit.com,
Petmd.com,
Vetrf.ru,
Zooplus.de,
Petlove.com.br,
Hepper.com,
Vin.com,
Petdesk.com,
Arts & Entertainment,
YouTube,
Netflix,
Bilibili,
Max,
Fandom,
Imdb,
Spotify,
Pixiv.net,
Disneyplus,
Dcinside,
Primevideo,
Syosetu,
Worldstar,
Hulu,
Hotstar,
Rumble,
Wattpad,
Xfinity,
Baby & Toddler,
Carters,
Finn + Emma,
Monica + Andy,
Pampers,
Johnson Johnson,
Huggies,
Gerber,
Burt�s Bees,
H&M,
Cat &jack,
Zara,
Mori,
Fisher-Price,
Sebamed,
Babyhug,
GapInc,
Uppababy,
Graco,
Gap inc,
BabyBjorn,
Cameras & Optics,
Canon,
Nikon,
Sony,
Fujifilm,
Panasonic,
Olympus,
Pentax,
Leica,
Hasselblad,
Kodak,
Media,
Walt Disney Company,
Apple,
Paramount Global,
Dish Network,
Meta,
Sony,
Warner Bros. Discovery,
CNN,
Devotv.com,
Pluto Tv,
Discovery,
New York Times,
Charter Communications,
Fox corporation,
AT&T,
HBO,
ESPN,
News Corp,
iHeartMedia,
Comcast,
Thomson Reuters,
Business & Industrial,
Honeywell,
3M Co,
Caterpillar Inc,
FedEx Corporation,
Apple,
Boeing,
Lear Corporation,
BASF,
Patrick Industries,
United Parcel Service,
Cummins Inc,
Rockwell Automation,
General Electric,
Emerson Electric Co,
Food,
Campbell Soup Company,
Coco-Cola Company,
"Conagra Brands, Inc",
General Mills,
Kelloggs,
Kraft Heinz Company,
Mars.Inc,
McDonalds Corporation,
Nestle USA,
"Pepsico,Inc",
Star bucks corporation,
Tyson Foods,
The Hershey Company,
Furniture,
La-Z-Boy,
Steelcase,
Herman Miller,
Flex steel,
Burrow,
Maiden Home,
Hooker Furniture,
Century Furniture,
Catnapper,
Haworth,
Allform,
Poly-Wood,
Ashely,
Bassett Furniture,
Enagland Furniture,
Hardware,
Craftsman,
Sherwin Williams,
Black & Decker,
Dewalt,
Stanley,
Skil,
Dell,
Intel,
Sony,
Cisco,
IBM,
Apple,
Samsung,
Lenovo,
LG Electronics,
HP,
Hewlett Packard Enterprise,
Milwaukee Tool,
Home & Garden,
Quictent,
Eagle Peak,
Palram,
Outland Living,
Solo Stove,
Endless summer,
Weber,
Char-Griller,
Aircare,
Levoit,
Kesnos,
Crane,
Waykar,
Blueair,
Midea,
Sporting Goods,
Nike,
Lululemon athletica,
Anta Sports,
Adidas,
Shimano,
JD Sports Fashion,
PUMA,
Dicks Sporting Goods,
On Holding,
ASICS Corporation,
Top Sports International,
Columbia Sportswear,
Planet Fitness,
Acushnet Holdings,
Academy Sports,
Under Armour,
Vista Outdoor,
Technogym,
Peloton,
Signa sports united,
Software,
Microsoft,
Apple,
Oracle,
Adobe,
IBM,
Salesforce,
CISCO,
Intuit,
Autodesk,
Twilio,
Zoho corporation,
Broadcom,
Meta,
Zendesk,
Cvent,
Out systems,
AWS,
Qualtrics,
Splunk,
Vehicles & Parts,
Mercedes �Benz,
Tesla,
BMW,
Rolls Royce,
Bentley,
Bugatti,
Porsche,
Lexus,
Land Rover,
Toyota,
Audi,
Jaguar,
Volvo,
Volkswagen,
Jeep,
Fiat,
Ford,
Nissan,
Honda,
Chevrlot,
Sports & Fitness,
Apple,
Under Armour,
Reebok,
Asics,
Athleta,
Gold's Gym,
Orangetheory Fitness,
24 Hour Fitness,
Academy Sports + Outdoors,
Matador Meggings,
Alo Yoga,
Rhone,
Outdoor Voices,
Gymshark,
Leor�ver,
Alrise,
Amazfit,
Amazon Basics,
Aquarian,
Health & Beauty,
Rem Beauty,
Est�e Lauder,
Johnson's Baby,
Nivea,
Olay,
Dove,
Shiseido,
Coty.,
LVMH Moet Hennesy Louis Vuitton,
Beiersdorf,
Chanel,
Business & Financial Services,
JPMorgan Chase,
Berkshire Hathaway,
Bank of America,
Citigroup,
Wells Fargo,
MetLife,
Acuity Insurance,
Aflac,
Alliant Credit Union,
Allianz Life Insurance Company of North America,
American Express,
American Fidelity Assurance,
ArtToFrames,
Baird,
Bankers Healthcare Group,
CafePress,
Canrulo,
Capital One Financial,
City Credit Union,
Home & Kitchen,
Honeywell Home,
Panasonic,
Philips,
KitchenAid,
Whirlpool,
Frigidaire,
Maytag,
General Electric,
Kenmore,
Dyson,
Bosch,
Westinghouse,
Ninja,
Magic Chef,
BadyminCSL,
Bartesian,
Bella,
Bertazzoni,
